organism,phylum,taxonomic_class,order,family,genus
Acinetobacter baumannii,Pseudomonadota,Gammaproteobacteria,Moraxellales,Moraxellaceae,Acinetobacter
Campylobacter,Campylobacterota,Epsilonproteobacteria,Campylobacterales,Campylobacteraceae,Campylobacter
Escherichia coli,Pseudomonadota,Gammaproteobacteria,Enterobacterales,Enterobacteriaceae,Escherichia
Enterobacter,Pseudomonadota,Gammaproteobacteria,Enterobacterales,Enterobacteriaceae,Enterobacter
Helicobacter pylori,Campylobacterota,Epsilonproteobacteria,Campylobacterales,Helicobacteraceae,Helicobacter
Klebsiella pneumoniae,Pseudomonadota,Gammaproteobacteria,Enterobacterales,Enterobacteriaceae,Klebsiella
Neisseria gonorrhoeae,Pseudomonadota,Betaproteobacteria,Neisseriales,Neisseriaceae,Neisseria
Pseudomonas aeruginosa,Pseudomonadota,Gammaproteobacteria,Pseudomonadales,Pseudomonadaceae,Pseudomonas
Enterococcus faecium,Bacillota,Bacilli,Lactobacillales,Enterococcaceae,Enterococcus
Staphylococcus aureus,Bacillota,Bacilli,Caryophanales,Staphylococcaceae,Staphylococcus
Streptococcus pneumoniae,Bacillota,Bacilli,Lactobacillales,Streptococcaceae,Streptococcus
Mycobacterium tuberculosis,Actinomycetota,Actinomycetes,Mycobacteriales,Mycobacteriaceae,Mycobacterium
Candida albicans,Ascomycota,Pichiomycetes,Serinales,Debaryomycetaceae,Candida
Plasmodium falciparum,Apicomplexa,Aconoidasida,Haemosporida,Plasmodiidae,Plasmodium
Schistosoma mansoni,Platyhelminthes,Trematoda,Strigeidida,Schistosomatidae,Schistosoma
